dataset;obs;diagnosis0;diagnosis1;overlapping.F2_partial.0;overlapping.F2_partial.1;overlapping.F3_partial.0;overlapping.F3_partial.1;overlapping.F4_partial.0;overlapping.F4_partial.1;neighborhood.N1_partial.1;neighborhood.N1_partial.0;neighborhood.N2_partial.0;neighborhood.N2_partial.1;neighborhood.N3_partial.0;neighborhood.N3_partial.1;neighborhood.N4_partial.0;neighborhood.N4_partial.1;neighborhood.T1_partial.0;neighborhood.T1_partial.1;linearity.class.L1_partial.0;linearity.class.L1_partial.1;linearity.class.L2_partial.0;linearity.class.L2_partial.1;linearity.class.L3_partial.0;linearity.class.L3_partial.1
heart.csv;303;138;165;0.42237253;0.48103597;0.97101449;0.98181818;0.97101449;0.98181818;0.33333333;0.42028986;0.43049257;0.41958734;0.30434783;0.2;0.05280528;0.03960396;0.5942029;0.52727273;0.1749049;0.06772963;0.22463768;0.07878788;0.16831683;0.04620462
male.csv;207;114;93;0.1120302;0.71699963;0.92982456;0.97849462;0.92982456;0.97849462;0.47311828;0.42982456;0.43162604;0.43785136;0.30701754;0.31182796;0.02415459;0.0821256;0.59649123;0.56989247;0.13150441;0.11199973;0.21052632;0.10752688;0.14009662;0.15458937
female.csv;96;24;72;0.21879383;0.09466191;0.70833333;0.70833333;0.70833333;0.70833333;0.15277778;0.375;0.43794345;0.32937319;0.20833333;0.05555556;0.0625;0.0;0.45833333;0.23611111;0.15128618;0.00447099;0.16666667;0.02777778;0.0625;0.0
